test/Accuracy,test/BalancedAccuracy
0.8181031942367554,0.7819575667381287
0.8189679980278015,0.7821564078330994
0.8181031942367554,0.7827506065368652
0.817526638507843,0.7805988788604736
0.8198328018188477,0.7837424278259277
0.8146439790725708,0.7779291868209839
0.8157970309257507,0.7801002264022827
0.8140674829483032,0.7775975465774536
0.8178149461746216,0.7815415859222412
0.8192562460899353,0.782118022441864
0.8126261234283447,0.7778506875038147
