test/loss,test/Accuracy,test/BalancedAccuracy
1.3468387126922607,0.7350821495056152,0.7188017964363098
1.3476266860961914,0.7345055937767029,0.7200412154197693
1.3488495349884033,0.7347939014434814,0.7165645360946655
1.348896861076355,0.7342173457145691,0.7196027040481567
1.348583459854126,0.7356587052345276,0.7204800248146057
1.3477036952972412,0.7347939014434814,0.7179640531539917
1.3481686115264893,0.7368117570877075,0.7202486991882324
1.3462263345718384,0.7345055937767029,0.7161238193511963
1.3518129587173462,0.7324877381324768,0.715207576751709
1.3450735807418823,0.7345055937767029,0.7169259190559387
1.3472388982772827,0.7327760457992554,0.7158085107803345
1.3514511585235596,0.7316229343414307,0.716535210609436
1.3484448194503784,0.7324877381324768,0.7148926258087158
1.3468453884124756,0.7339290976524353,0.7182283997535706
1.3467432260513306,0.7356587052345276,0.7217289805412292
1.3482261896133423,0.7350821495056152,0.7195426225662231
1.3428716659545898,0.7347939014434814,0.719563364982605
1.3490041494369507,0.7342173457145691,0.7187567949295044
1.3477309942245483,0.7307581305503845,0.7131223678588867
1.3490407466888428,0.7347939014434814,0.7183239459991455
1.349186658859253,0.7342173457145691,0.7194225788116455
