test/Accuracy,test/BalancedAccuracy
0.8054194450378418,0.7847025394439697
0.8106082677841187,0.7911508083343506
0.8091669082641602,0.7897076606750488
0.8085903525352478,0.7891554832458496
0.8085903525352478,0.7884125709533691
0.8103199601173401,0.7916439771652222
0.8088786602020264,0.7880649566650391
0.8091669082641602,0.7885002493858337
0.8065724968910217,0.7879437208175659
0.8059959411621094,0.7862719297409058
0.8074373006820679,0.7879336476325989
