test/Accuracy,test/BalancedAccuracy
0.7639089226722717,0.7523305416107178
0.754684329032898,0.7385622262954712
0.7673681378364563,0.7494832277297974
0.7670798301696777,0.7500579357147217
0.7659267783164978,0.7491054534912109
0.766791582107544,0.7508068084716797
0.7679446339607239,0.7528486251831055
0.7670798301696777,0.747952938079834
0.7719804048538208,0.7551857233047485
0.7665033340454102,0.7511487603187561
0.762755811214447,0.7459268569946289
